bases_mutated_in_motif,bases_mutated_not_in_motif,bases_not_mutated_in_motif,bases_not_mutated_not_in_motif,enrichment,motif,mutation_load,odds_ratio,pvalue,sample,strand,total_mutations,IsPOLEDriverMut,IsPOLEMut,IsV411Lmut,IsPOLD1DriverMut,IsPOLD1Mut,MSI,ClinicalGroup
7,4,4380,3594,1.15853051058531,[G>T]R,1,1.43595890410959,0.395497738622207,TCGA-2E-A9G8-01A-11D-A403-09,A,82,No,No,No,No,No,MSS,1
6,4,14546,11700,1.08260690224117,[G>T]R,1,1.20651725560292,0.515420637089854,TCGA-4E-A92E-01A-11D-A37N-09,A,263,No,No,No,No,No,MSS,1
12,9,3799,3060,1.03170007144737,[G>T]R,1,1.0739668333772,0.52629627853849,TCGA-5B-A90C-01A-11D-A37N-09,A,71,No,No,No,No,No,MSS,1
8,4,3798,3270,1.24065297525013,[G>T]R,2,1.7219589257504,0.274277762935749,TCGA-5S-A9Q8-01A-11D-A403-09,A,67,No,No,No,No,No,MSS,1
11,9,8611,6866,0.988543723144815,[G>T]R,0,0.974541606988477,0.613825712532873,TCGA-A5-A0G5-01A-11W-A062-09,A,162,No,No,No,No,No,MSI-L,1
32,21,17822,14763,1.10391439031259,[G>T]R,4,1.26226012793177,0.245230718565152,TCGA-A5-A0G9-01A-11W-A062-09,A,337,No,No,No,No,No,MSI-H,1
52,9,18872,15676,1.56055288778935,[G>T]R,19,4.79930290612783,3.98173733358062E-07,TCGA-A5-A0GA-01A-11W-A062-09,A,348,No,No,No,No,No,MSI-H,1
101,13,45651,38682,1.63668000585679,[G>T]R,40,6.58319389751341,2.51839301736439E-15,TCGA-A5-A0GB-01A-11W-A062-09,A,817,No,Yes,No,No,No,MSI-H,1
1,5,1722,1456,0.307588075880759,[G>T]R,0,0.169105691056911,0.990717913219293,TCGA-A5-A0GE-01A-11W-A062-09,A,31,No,No,No,No,No,MSS,1
58,3,27196,23055,1.75686274982579,[G>T]R,25,16.3895425797912,1.29808323930202E-12,TCGA-A5-A0GH-01A-21W-A062-09,A,495,No,No,No,No,No,MSI-H,1
53,13,18304,15481,1.48221037958254,[G>T]R,18,3.44814500403443,8.80985029282091E-06,TCGA-A5-A0GI-01A-11W-A062-09,A,332,No,No,No,No,No,MSI-H,1
3,10,4829,3926,0.418385714513277,[G>T]R,0,0.24390142886726,0.995979083279687,TCGA-A5-A0GJ-01A-11W-A062-09,A,92,No,No,No,No,No,MSS,1
2,3,2169,1840,0.739326878745966,[G>T]R,0,0.565544797909943,0.859563311658939,TCGA-A5-A0GM-01A-11W-A062-09,A,41,No,No,No,No,No,MSS,1
1,2,3405,2824,0.609789525208027,[G>T]R,0,0.414684287812041,0.90680726457376,TCGA-A5-A0GN-01A-11W-A062-09,A,65,No,No,No,No,No,MSS,1
537,45,101204,82023,1.67048697598441,[G>T]R,216,9.67163155606498,5.17036969124025E-87,TCGA-A5-A0GP-01A-11W-A062-09,A,2096,Yes,Yes,No,No,No,MSS,1
5,6,4301,3567,0.831519097038744,[G>T]R,0,0.69111834457103,0.820186674327212,TCGA-A5-A0GQ-01A-11D-A122-09,A,77,No,No,No,No,No,MSS,1
3,3,2854,2316,0.905746320953048,[G>T]R,0,0.811492641906097,0.748106365937003,TCGA-A5-A0GU-01A-11W-A062-09,A,56,No,No,No,No,No,MSS,1
5,3,2983,2461,1.14063023801542,[G>T]R,1,1.37501396804112,0.472384664975245,TCGA-A5-A0GV-01A-31W-A062-09,A,55,No,No,No,No,No,MSS,1
32,11,19775,16593,1.36862493752389,[G>T]R,9,2.44098839213884,0.005599643986704,TCGA-A5-A0GW-01A-11W-A062-09,A,362,No,No,No,No,No,MSI-H,1
2,3,1890,1498,0.717037037037037,[G>T]R,0,0.528395061728395,0.876451266129671,TCGA-A5-A0GX-01A-11W-A062-09,A,35,No,No,No,No,No,MSS,1
4,1,3287,2658,1.44691207788257,[G>T]R,2,3.23456038941284,0.260796426045096,TCGA-A5-A0R7-01A-31D-A10B-09,A,59,No,No,No,No,No,MSS,1
3,10,4609,3931,0.427591501577182,[G>T]R,0,0.255868952050336,0.994835632158445,TCGA-A5-A0R8-01A-11D-A10B-09,A,86,No,No,No,No,No,MSS,1
1,3,2818,2361,0.459457061745919,[G>T]R,0,0.279276082327892,0.956781956267879,TCGA-A5-A0R9-01A-11D-A10B-09,A,51,No,No,No,No,No,MSS,1
5,9,4471,3728,0.654934977793399,[G>T]R,0,0.46323218767862,0.953933587385698,TCGA-A5-A0RA-01A-21D-A10B-09,A,82,No,No,No,No,No,MSS,1
6,9,4950,4153,0.73559595959596,[G>T]R,0,0.559326599326599,0.915596021520753,TCGA-A5-A0VO-01A-21D-A10G-09,A,88,No,No,No,No,No,MSS,1
94,14,110866,93944,1.60789200977356,[G>T]R,36,5.68945264682461,2.73890045976902E-13,TCGA-A5-A0VP-01A-21D-A10B-09,A,1962,No,Yes,No,No,Yes,MSI-H,1
36,12,25211,21215,1.38112331918607,[G>T]R,10,2.52449327674428,0.002594387659678,TCGA-A5-A0VQ-01A-11D-A10B-09,A,447,No,No,No,No,No,MSI-H,1
5,6,3299,2885,0.852048830224035,[G>T]R,0,0.728756188744064,0.795686936438319,TCGA-A5-A1OJ-01A-11D-A14G-09,A,62,No,No,No,No,No,MSS,1
9,4,3911,3403,1.29469150128828,[G>T]R,3,1.95774737918691,0.196023485247145,TCGA-A5-A1OK-01A-11D-A14K-09,A,72,No,No,No,No,No,MSS,1
5163,435,670062,548829,1.67771857143785,[G>T]R,2086,9.72153692622783,0,TCGA-A5-A2K5-01A-11D-A17W-09,A,14248,Yes,Yes,No,No,No,MSS,1
80,20,49395,41987,1.48002024496407,[G>T]R,26,3.40010122482033,5.64356438434905E-08,TCGA-A5-A2K7-01A-11D-A17W-09,A,870,No,Yes,No,No,No,MSI-H,1
4,0,2385,2009,1.65814294697129,[G>T]R,2,7.58142946971285,0.08696511523122,TCGA-A5-A3LO-01A-11D-A228-09,A,43,No,No,No,No,No,MSS,1
77,21,36049,30560,1.45179180718308,[G>T]R,24,3.10836176685437,4.32024544995699E-07,TCGA-A5-A7WJ-01A-12D-A34Q-09,A,642,No,Yes,No,No,No,MSI-H,1
4,6,2708,2073,0.706203840472674,[G>T]R,0,0.510339734121123,0.915706462466172,TCGA-A5-AB3J-01A-11D-A403-09,A,50,No,Yes,No,No,No,MSS,1
132,73,61764,51831,1.18425130433546,[G>T]R,21,1.51741804642151,0.002329927452247,TCGA-AJ-A23O-01A-11D-A159-09,A,1121,No,No,No,No,No,MSI-H,1
9,5,5015,4363,1.20213644779946,[G>T]R,2,1.56598205383849,0.296346143737681,TCGA-AJ-A2QK-01A-11D-A18P-09,A,91,No,No,No,No,No,MSS,1
3,6,3290,2697,0.606585612968592,[G>T]R,0,0.409878419452888,0.949845871089329,TCGA-AJ-A2QL-01A-11D-A18P-09,A,59,No,No,No,No,No,MSS,1
2,3,4943,4215,0.741088407849484,[G>T]R,0,0.56848067974914,0.858232236666706,TCGA-AJ-A2QN-01A-11D-A18P-09,A,88,No,No,No,No,No,MSS,1
141,33,75271,64650,1.50634718046379,[G>T]R,48,3.66983058789996,5.12477906312053E-14,TCGA-AJ-A2QO-01A-11D-A18P-09,A,1336,No,No,No,No,No,MSI-H,1
331,90,213874,182270,1.45626693382214,[G>T]R,104,3.13431532376799,6.20676878309022E-26,TCGA-AJ-A3BH-01A-11D-A19Y-09,A,3796,No,Yes,No,No,No,MSI-H,1
6,3,2591,2141,1.21754792229512,[G>T]R,2,1.65264376688537,0.356105055660398,TCGA-AJ-A3BI-01A-11D-A20S-09,A,52,No,No,No,No,No,MSS,1
7,5,4328,3603,1.06895024645718,[G>T]R,1,1.16548059149723,0.514930595001349,TCGA-AJ-A3BK-01A-11D-A19Y-09,A,82,No,No,No,No,No,MSI-L,1
1922,677,512091,424323,1.35228384166754,[G>T]R,501,2.35241610708113,3.93629619951651E-91,TCGA-AJ-A3EK-01A-11D-A19Y-09,A,9887,Yes,Yes,No,No,Yes,MSI-H,1
3301,338,648964,536617,1.65719682908425,[G>T]R,1310,8.0755599438982,0,TCGA-AJ-A3EL-01A-11D-A20S-09,A,13440,Yes,Yes,No,No,No,MSI-L,1
8,9,4071,3511,0.876443134365021,[G>T]R,0,0.76661480935615,0.785825157085168,TCGA-AJ-A3EM-01A-11D-A20S-09,A,77,No,No,No,No,No,MSS,1
3,2,2336,1949,1.10059931506849,[G>T]R,1,1.25149828767123,0.584367879684052,TCGA-AJ-A3I9-01A-11D-A228-09,A,45,No,No,No,No,No,MSS,1
104,19,69160,58511,1.5608655785806,[G>T]R,38,4.63086664028492,9.37575932349066E-13,TCGA-AJ-A3OJ-01A-11D-A228-09,A,1201,No,No,No,No,Yes,MSI-H,1
21,4,20666,17428,1.54838672215233,[G>T]R,8,4.42741701345205,0.001841548674627,TCGA-AJ-A3OL-01A-11D-A228-09,A,357,No,No,No,No,No,MSI-H,1
7,9,6024,5211,0.815954930278884,[G>T]R,0,0.672808764940239,0.851158491502133,TCGA-AJ-A5DV-01A-11D-A27P-09,A,108,No,No,No,No,No,MSS,1
2304,165,265200,216599,1.69532809553394,[G>T]R,945,11.4046367749897,0,TCGA-AJ-A5DW-01A-11D-A27P-09,A,5580,Yes,Yes,No,No,No,MSS,1
7,3,3088,2540,1.27577720207254,[G>T]R,2,1.9192573402418,0.263627203264606,TCGA-AJ-A6NU-01A-11D-A34Q-09,A,55,No,No,No,No,No,MSS,1
26,6,54143,44724,1.48365324233973,[G>T]R,9,3.57948395914523,0.001652437505751,TCGA-AJ-A8CT-01A-11D-A37N-09,A,922,No,No,No,No,No,MSI-H,1
18,8,15288,13003,1.28114056273397,[G>T]R,4,1.9137068288854,0.086099424515729,TCGA-AJ-A8CV-01A-11D-A37N-09,A,274,No,No,No,No,No,MSI-H,1
79,21,48959,42141,1.46998508956474,[G>T]R,26,3.23802423602256,1.35988610119006E-07,TCGA-AJ-A8CW-01A-11D-A37N-09,A,877,No,No,No,No,No,MSI-H,1
2197,1165,597500,494405,1.19420612108254,[G>T]R,358,1.56044719234292,5.01242335103961E-36,TCGA-AP-A051-01A-21W-A027-09,A,11498,Yes,Yes,No,No,No,MSI-H,1
10,5,2848,2301,1.20529026217229,[G>T]R,2,1.61587078651685,0.269320132778136,TCGA-AP-A053-01A-21W-A027-09,A,54,No,No,No,No,No,MSS,1
55,19,72455,61095,1.36995562949603,[G>T]R,15,2.44087982014245,0.000305130030669,TCGA-AP-A054-01A-11W-A062-09,A,1388,No,Yes,No,No,No,MSI-H,1
3167,273,589044,478607,1.66867283268846,[G>T]R,1270,9.42576756208166,0,TCGA-AP-A056-01A-11W-A027-09,A,12173,Yes,Yes,No,No,No,MSI-L,1
3543,1661,834731,684644,1.23923108314925,[G>T]R,684,1.74952351397272,2.73240939883454E-83,TCGA-AP-A059-01A-21D-A122-09,A,15598,Yes,Yes,No,No,Yes,MSI-H,1
46,6,13722,11272,1.61128676017176,[G>T]R,18,6.29781858815527,2.1697000254454E-07,TCGA-AP-A05N-01A-11W-A027-09,A,253,No,No,No,No,No,MSI-H,1
2,5,2638,2292,0.533954294378858,[G>T]R,0,0.347536012130402,0.957421408608493,TCGA-AP-A05P-01A-11W-A062-09,A,48,No,No,No,No,No,MSS,1
64,16,31087,25710,1.46162704667546,[G>T]R,21,3.3081352333773,2.11794626628382E-06,TCGA-AP-A0LD-01A-11W-A062-09,A,563,No,No,No,No,No,MSI-H,1
61,15,31915,27065,1.48329031885683,[G>T]R,20,3.44867094887461,1.80514941249189E-06,TCGA-AP-A0LE-01A-11D-A127-09,A,582,No,No,No,No,No,MSI-H,1
30,11,15481,12785,1.33598856820556,[G>T]R,8,2.25232102694799,0.012277236665303,TCGA-AP-A0LF-01A-11D-A122-09,A,291,No,No,No,No,No,MSS,1
62,9,26598,21735,1.58682162907515,[G>T]R,23,5.62937062937063,5.71145244995435E-09,TCGA-AP-A0LG-01A-11W-A062-09,A,469,No,No,No,No,No,MSI-H,1
3,4,2466,2128,0.798401112269725,[G>T]R,0,0.64720194647202,0.829221113893638,TCGA-AP-A0LJ-01A-11W-A062-09,A,47,No,No,No,No,No,MSS,1
6,2,2890,2450,1.38581314878893,[G>T]R,2,2.54325259515571,0.205696719140083,TCGA-AP-A0LL-01A-12D-A127-09,A,56,No,No,No,No,No,MSS,1
3623,638,950142,775892,1.54460568924825,[G>T]R,1278,4.6372489684746,0,TCGA-AP-A0LM-01A-11D-A122-09,A,18055,Yes,Yes,No,No,No,MSS,1
6,7,3788,3002,0.827308910730241,[G>T]R,0,0.679287977070448,0.835991942575853,TCGA-AP-A0LN-01A-11W-A062-09,A,68,No,No,No,No,No,MSS,1
0,3,1852,1568,0.230836707152497,[G>T]R,0,0.12095623674571,1,TCGA-AP-A0LO-01A-11W-A062-09,A,34,No,No,No,No,No,MSS,1
29,8,16763,13781,1.42813887084006,[G>T]R,9,2.98014227763527,0.002661016517014,TCGA-AP-A0LP-01A-12D-A10B-09,A,304,No,No,No,No,No,MSI-H,1
2,5,3396,2901,0.529782937910146,[G>T]R,0,0.341696113074205,0.959454019325635,TCGA-AP-A0LQ-01A-12D-A10B-09,A,65,No,No,No,No,No,MSS,1
60,14,31222,26344,1.49494379396372,[G>T]R,20,3.61613148237964,1.26825013884914E-06,TCGA-AP-A0LS-01A-11D-A14G-09,A,556,No,No,No,No,No,MSI-H,1
68,10,41990,35201,1.60263676943839,[G>T]R,26,5.70056680161943,6.26717718124435E-10,TCGA-AP-A0LT-01A-11W-A062-09,A,747,No,No,No,No,No,MSI-H,1
1,2,1522,1139,0.582785808147175,[G>T]R,0,0.374178712220762,0.921548584897741,TCGA-AP-A0LV-01A-11W-A062-09,A,26,No,No,No,No,No,MSS,1
83,16,42635,36509,1.55630469110005,[G>T]R,30,4.44213527618154,3.13073093657462E-10,TCGA-AP-A1DH-01A-31D-A135-09,A,757,No,No,No,No,Yes,MSI-H,1
2825,513,1014492,836844,1.54443181492894,[G>T]R,996,4.54252124411854,8.75597517001115E-295,TCGA-AP-A1DK-01A-11D-A135-09,A,18495,No,Yes,No,Yes,Yes,MSI-H,1
47,15,25198,21353,1.40045484920718,[G>T]R,14,2.65521337672302,0.000359623270147,TCGA-AP-A1DM-01A-21D-A135-09,A,453,No,Yes,No,No,No,MSI-H,1
53,20,41287,34450,1.33182689433239,[G>T]R,14,2.21116816431322,0.001167647639147,TCGA-AP-A1DO-01A-11D-A135-09,A,749,No,No,No,No,No,MSI-H,1
58,15,33340,28128,1.46483470429202,[G>T]R,19,3.26219556088782,6.53377252333536E-06,TCGA-AP-A1DP-01A-11D-A135-09,A,600,No,No,No,No,No,MSI-H,1
114,16,53189,45072,1.62002178009623,[G>T]R,44,6.03767696328188,2.37246119704104E-16,TCGA-AP-A1DR-01A-11D-A135-09,A,942,No,No,No,No,No,MSI-H,1
5662,868,1076082,894339,1.58770694427771,[G>T]R,2096,5.42134371674363,0,TCGA-AP-A1DV-01A-21D-A135-09,A,21212,Yes,Yes,No,No,No,MSI-L,1
3087,286,402395,330905,1.66782084530952,[G>T]R,1237,8.87608290639516,0,TCGA-AP-A1E0-01A-11D-A135-09,A,8252,Yes,Yes,No,No,No,MSI-L,1
68,29,36504,31093,1.29814780925011,[G>T]R,16,1.99725301714692,0.00088679112971,TCGA-AP-A1E1-01A-11D-A135-09,A,647,No,No,No,No,No,MSI-H,1
5,3,2807,2398,1.1589330245814,[G>T]R,1,1.42382139888374,0.452297924742333,TCGA-AP-A1E3-01A-11D-A135-09,A,52,No,No,No,No,No,MSS,1
4,4,2386,2111,0.942372170997485,[G>T]R,0,0.884744341994971,0.701371228142869,TCGA-AP-A1E4-01A-12D-A135-09,A,41,No,No,No,No,No,MSS,1
8,8,5431,4606,0.924047136807218,[G>T]R,0,0.848094273614436,0.720102140152082,TCGA-AW-A1PO-01A-12D-A159-09,A,103,No,No,No,No,No,MSS,1
32,13,31830,26962,1.31346668062974,[G>T]R,8,2.08507697141062,0.015201692413834,TCGA-AX-A05S-01A-11W-A027-09,A,577,No,No,No,No,No,MSI-H,1
6,4,3282,2725,1.0981718464351,[G>T]R,1,1.24542961608775,0.495164077871137,TCGA-AX-A05T-01A-11W-A027-09,A,60,No,No,No,No,No,MSS,1
7,0,1825,1478,1.69679539852095,[G>T]R,3,12.1487263763353,0.015829066818148,TCGA-AX-A05U-01A-11W-A027-09,A,35,No,No,No,No,No,MSS,1
7,5,3502,2870,1.06139348943461,[G>T]R,1,1.14734437464306,0.525964606971637,TCGA-AX-A05W-01A-21W-A027-09,A,70,No,No,No,No,No,MSS,1
13,1,10564,8818,1.7036701465895,[G>T]R,6,10.8513820522529,0.002598831977988,TCGA-AX-A05Y-01A-11W-A027-09,A,193,No,No,No,No,No,MSI-H,1
4076,267,466569,373613,1.69005889514391,[G>T]R,1665,12.2244411296255,0,TCGA-AX-A05Z-01A-11W-A027-09,A,9884,Yes,Yes,No,No,No,MSS,1
1,1,1782,1455,0.908249158249158,[G>T]R,0,0.816498316498316,0.798006880707582,TCGA-AX-A062-01A-11W-A027-09,A,33,No,No,No,No,No,MSS,1
124,27,63491,52826,1.50444308683892,[G>T]R,42,3.8211446708399,1.00834915733001E-12,TCGA-AX-A063-01A-11W-A027-09,A,1213,No,No,No,No,No,MSI-H,1
35,8,16555,13953,1.49997541668715,[G>T]R,12,3.68736786469345,0.000191152639738,TCGA-AX-A064-01A-11W-A027-09,A,316,No,No,No,No,No,MSI-H,1
1,2,2474,2141,0.621800053893829,[G>T]R,0,0.432700080840744,0.900142956975654,TCGA-AX-A06B-01A-11W-A027-09,A,50,No,No,No,No,No,MSS,1
2257,981,584989,478124,1.26673696416865,[G>T]R,476,1.88042231394302,1.75496394593749E-65,TCGA-AX-A06F-01A-11W-A027-09,A,11353,Yes,Yes,No,No,No,MSI-L,1
33,9,24674,20944,1.45265114232448,[G>T]R,11,3.11237199751425,0.000897932753388,TCGA-AX-A06H-01A-11D-A122-09,A,440,No,No,No,No,No,MSI-H,1
2,8,3625,3107,0.371420689655172,[G>T]R,0,0.214275862068965,0.994423740670537,TCGA-AX-A06J-01A-11W-A027-09,A,68,No,No,No,No,No,MSS,1
4,7,2556,2182,0.674064589557547,[G>T]R,0,0.487815783590431,0.929783753927099,TCGA-AX-A06L-01A-11D-A122-09,A,47,No,No,No,No,No,MSS,1
3,4,3234,2758,0.794063079777365,[G>T]R,0,0.63961038961039,0.833284528558617,TCGA-AX-A0IS-01A-12D-A10M-09,A,58,No,No,No,No,No,MSS,1
4147,273,523239,420452,1.69216018481263,[G>T]R,1697,12.2064029922045,0,TCGA-AX-A0J0-01A-11D-A117-09,A,10971,Yes,Yes,No,No,No,MSI-L,1
407,251,369577,310392,1.13802733385337,[G>T]R,50,1.36184058038054,6.02924090481162E-05,TCGA-AX-A0J1-01A-11W-A062-09,A,6942,No,Yes,No,No,Yes,MSI-H,1
125,21,64476,54766,1.58339154762481,[G>T]R,47,5.05596028348681,5.26012363448523E-16,TCGA-AX-A1C4-01A-11D-A135-09,A,1146,No,No,No,No,Yes,MSI-H,1
91,24,77538,64688,1.45146963003834,[G>T]R,29,3.16329197726706,3.30423808943464E-08,TCGA-AX-A1C5-01A-11D-A135-09,A,1384,No,No,No,No,No,MSI-H,1
64,18,88299,73520,1.43034186228112,[G>T]R,20,2.9604462615029,8.59572449771247E-06,TCGA-AX-A1C9-01A-11D-A135-09,A,1576,No,Yes,No,No,Yes,MSI-H,1
2507,1310,974022,810260,1.20316974343784,[G>T]R,424,1.59198390129941,3.81556062695092E-44,TCGA-AX-A1CE-01A-11D-A135-09,A,19392,No,Yes,No,No,Yes,MSI-H,1
13,13,8045,6684,0.915413300186451,[G>T]R,0,0.830826600372902,0.749218884168011,TCGA-AX-A1CF-01A-11D-A135-09,A,150,No,Yes,No,No,No,MSS,1
4,3,2968,2452,1.04351174432037,[G>T]R,1,1.1015274034142,0.60331108857789,TCGA-AX-A1CI-01A-11D-A135-09,A,54,No,No,No,No,No,MSS,1
5,6,4405,3787,0.845320400371479,[G>T]R,0,0.716420734014378,0.803794684218746,TCGA-AX-A1CJ-01A-11D-A135-09,A,78,No,No,No,No,No,MSS,1
1,8,4537,3851,0.205422085078245,[G>T]R,0,0.106099845713026,0.999090162698555,TCGA-AX-A1CK-01A-11D-A135-09,A,84,No,No,No,No,No,MSS,1
4,1,2345,1951,1.46558635394456,[G>T]R,2,3.32793176972281,0.250351323931926,TCGA-AX-A1CN-01A-11D-A135-09,A,41,No,No,No,No,No,MSI-L,1
13,6,6963,5731,1.24736010642721,[G>T]R,3,1.78330700368615,0.169638024787738,TCGA-AX-A2H7-01A-12D-A18P-09,A,127,No,No,No,No,No,MSS,1
5,7,3993,3358,0.76707154186493,[G>T]R,0,0.600694071768452,0.878676322964331,TCGA-AX-A2H8-01A-11D-A17D-09,A,75,No,No,No,No,No,MSI-L,1
223,41,117210,100027,1.5655612627426,[G>T]R,81,4.64166276497677,7.96579306942081E-26,TCGA-AX-A2HA-01A-12D-A18P-09,A,2073,No,Yes,No,No,No,MSI-H,1
9737,1203,1170496,964637,1.62353945423146,[G>T]R,3740,6.67042529450723,0,TCGA-AX-A2HC-01A-11D-A17D-09,A,23219,Yes,Yes,No,No,Yes,MSI-H,1
1491,908,779564,655955,1.1444704010424,[G>T]R,189,1.38170098248977,5.05246587950039E-15,TCGA-AX-A2HD-01A-21D-A17D-09,A,14232,No,Yes,No,No,Yes,MSI-H,1
117,30,57344,48882,1.47438658778243,[G>T]R,38,3.32449428013393,8.69362449147599E-11,TCGA-AX-A2HG-01A-11D-A17D-09,A,1015,No,No,No,No,Yes,MSI-H,1
4,4,3484,2891,0.914896670493685,[G>T]R,0,0.829793340987371,0.73292471111565,TCGA-AX-A2HH-01A-11D-A17D-09,A,61,No,No,No,No,No,MSS,1
147,38,124753,106601,1.47357288271896,[G>T]R,48,3.30555219218439,4.0154216630253E-13,TCGA-AX-A2HJ-01A-11D-A17D-09,A,2312,No,No,No,No,Yes,MSI-H,1
6,12,4504,3765,0.611974541148609,[G>T]R,0,0.417961811722913,0.97947471423601,TCGA-AX-A2HK-01A-11D-A17D-09,A,85,No,No,No,No,No,MSS,1
79,11,38551,33184,1.63335293219084,[G>T]R,31,6.18197853610683,5.20102184617393E-12,TCGA-AX-A2IN-01A-12D-A17W-09,A,695,No,No,No,No,No,MSI-H,1
94,12,53024,44854,1.63694688628005,[G>T]R,37,6.62636416214041,2.15366439493238E-14,TCGA-AX-A3FS-01A-11D-A228-09,A,933,No,No,No,No,Yes,MSI-H,1
191,44,99387,83721,1.49741866578295,[G>T]R,64,3.65666787406804,3.54137594914447E-18,TCGA-AX-A3FT-01A-11D-A228-09,A,1721,No,No,No,No,Yes,MSI-H,1
9,11,7681,6466,0.828817862257518,[G>T]R,0,0.688759749559125,0.854963421762216,TCGA-AX-A3FV-01A-11D-A228-09,A,143,No,No,No,No,No,MSS,1
9,3,4134,3410,1.36865021770682,[G>T]R,3,2.47460087082729,0.131731506598609,TCGA-AX-A3FW-01A-11D-A228-09,A,75,No,No,No,No,No,MSS,1
5,5,4429,3774,0.926055543011966,[G>T]R,0,0.852111086023933,0.716603191255301,TCGA-AX-A3FX-01A-11D-A228-09,A,81,No,No,No,No,No,MSS,1
4,2,3168,2615,1.21696127946128,[G>T]R,1,1.65088383838384,0.437303866812278,TCGA-AX-A3FZ-01A-11D-A228-09,A,56,No,No,No,No,No,MSS,1
5,2,3995,3018,1.25388878955838,[G>T]R,2,1.88861076345432,0.355918825831657,TCGA-AX-A3G1-01A-11D-A228-09,A,69,No,No,No,No,No,MSS,1
100,15,58929,49855,1.60523312136123,[G>T]R,38,5.64012059710273,5.85085934294874E-14,TCGA-AX-A3G8-01A-11D-A228-09,A,1038,No,No,No,No,No,MSI-H,1
87,25,48832,40993,1.42887403312816,[G>T]R,27,2.92135566841415,2.60936698858048E-07,TCGA-AX-A3G9-01A-11D-A228-09,A,859,No,No,No,No,No,MSI-H,1
1,6,6401,5464,0.264802374628964,[G>T]R,0,0.142269437067125,0.995601096362579,TCGA-AX-A3GB-01A-11D-A228-09,A,114,No,No,No,No,No,MSS,1
90,29,40608,33279,1.37610629358126,[G>T]R,25,2.5433327219369,2.51375214347168E-06,TCGA-B5-A0JR-01A-13W-A062-09,A,744,No,No,No,No,No,MSI-H,1
4,1,1851,1556,1.47250135062129,[G>T]R,2,3.36250675310643,0.246657956146045,TCGA-B5-A0JS-01A-11D-A10B-09,A,36,No,No,No,No,No,MSS,1
9,5,3642,3069,1.18457284066839,[G>T]R,2,1.5168039538715,0.317609562349352,TCGA-B5-A0JT-01A-21D-A122-09,A,65,No,No,No,No,No,MSS,1
59,23,33707,28765,1.33353208098195,[G>T]R,15,2.18911437567477,0.000651089832201,TCGA-B5-A0JU-01B-11D-A14G-09,A,598,No,No,No,No,No,MSI-H,1
36,8,20624,16741,1.4823198039354,[G>T]R,12,3.65275892164469,0.000198786591415,TCGA-B5-A0JV-01A-11D-A10B-09,A,360,No,No,No,No,No,MSI-H,1
8,4,5273,4607,1.24913079208547,[G>T]R,2,1.7473923762564,0.265693809598631,TCGA-B5-A0JX-01A-21D-A14K-09,A,98,No,No,No,No,No,MSS,1
58,14,31265,25810,1.47056079748388,[G>T]R,19,3.4200269584885,4.33404347393269E-06,TCGA-B5-A0JZ-01A-11W-A062-09,A,552,No,No,No,No,No,MSI-H,1
3,0,1220,984,1.5808070462925,[G>T]R,2,5.64645637034003,0.169979634797264,TCGA-B5-A0K0-01A-11W-A062-09,A,21,No,No,No,No,No,MSS,1
4,7,3419,2826,0.664202717434657,[G>T]R,0,0.472318555968746,0.936834957141639,TCGA-B5-A0K1-01A-11W-A062-09,A,62,No,No,No,No,No,MSS,1
41,11,18042,15000,1.44398326980635,[G>T]R,13,3.09883000272092,0.000247891262095,TCGA-B5-A0K2-01A-12W-A10C-09,A,320,No,No,No,No,No,MSI-H,1
3,4,3322,2705,0.777543648404576,[G>T]R,0,0.610701384708007,0.84856875309929,TCGA-B5-A0K3-01A-11W-A062-09,A,60,No,No,No,No,No,MSS,1
4,12,3084,2549,0.456630998702983,[G>T]R,0,0.275507998270644,0.99629490116658,TCGA-B5-A0K4-01A-11W-A062-09,A,57,No,No,No,No,No,MSS,1
38,16,17104,14295,1.29183773343034,[G>T]R,9,1.98495235032741,0.012615813852539,TCGA-B5-A0K6-01A-11W-A062-09,A,314,No,No,No,No,No,MSI-H,1
2,4,2983,2515,0.614370320706224,[G>T]R,0,0.421555481059336,0.9255833768981,TCGA-B5-A0K7-01A-11W-A10C-09,A,56,No,No,No,No,No,MSS,1
76,23,49022,41932,1.42432525656384,[G>T]R,23,2.82644349564437,2.14966201577036E-06,TCGA-B5-A0K9-01A-21D-A10O-09,A,856,No,No,No,No,No,MSI-H,1
2298,614,686876,560622,1.43324412322547,[G>T]R,695,3.0547343433755,2.1807147372585E-159,TCGA-B5-A11E-01A-11D-A10M-09,A,13312,Yes,Yes,No,No,Yes,MSI-L,1
4,1,3262,2610,1.44009809932557,[G>T]R,2,3.20049049662784,0.264769290471278,TCGA-B5-A11F-01A-11D-A10M-09,A,58,No,No,No,No,No,MSS,1
20,11,34336,28604,1.18262032889397,[G>T]R,4,1.51465729051936,0.175620749054044,TCGA-B5-A11G-01A-13D-A122-09,A,631,No,No,No,No,No,MSI-H,1
89,17,62896,53164,1.54932911112924,[G>T]R,32,4.42522857527646,9.16827351449304E-11,TCGA-B5-A11H-01A-11D-A122-09,A,1116,No,Yes,No,No,Yes,MSI-H,1
10,3,3477,2966,1.42541094223579,[G>T]R,3,2.8434474163551,0.081406484198393,TCGA-B5-A11I-01A-11D-A10M-09,A,64,No,No,No,No,No,MSS,1
45,17,27497,22648,1.32361946816486,[G>T]R,12,2.18025923683653,0.003169717349708,TCGA-B5-A11J-01A-11D-A122-09,A,489,No,No,No,No,No,MSI-H,1
9,10,8306,6849,0.864276933605384,[G>T]R,0,0.742126173850229,0.811213826198411,TCGA-B5-A11L-01B-21D-A13L-09,A,152,No,No,No,No,No,MSS,1
3,3,1812,1491,0.911423841059603,[G>T]R,0,0.822847682119205,0.742442986568922,TCGA-B5-A11M-01A-11D-A122-09,A,34,No,No,No,No,No,MSS,1
727,43,123481,99488,1.70485730124946,[G>T]R,301,13.6218633014438,3.6034356528799E-131,TCGA-B5-A11N-01A-11D-A122-09,A,2509,Yes,Yes,No,No,No,MSI-L,1
5,5,5034,4284,0.925506555423123,[G>T]R,0,0.851013110846245,0.717308297913375,TCGA-B5-A11O-01A-11D-A122-09,A,92,No,No,No,No,No,MSI-L,1
5,4,3662,3229,1.04542144547606,[G>T]R,1,1.10219825232114,0.577032101344574,TCGA-B5-A11P-01B-11D-A14G-09,A,70,No,No,No,No,No,MSI-L,1
4,6,2709,2295,0.738870431893688,[G>T]R,0,0.564784053156146,0.887524835166726,TCGA-B5-A11Q-01A-11D-A122-09,A,51,No,No,No,No,No,MSS,1
26,4,50504,40245,1.55728523153282,[G>T]R,10,5.17963923649612,0.000310963721001,TCGA-B5-A11R-01A-11D-A122-09,A,942,No,No,No,No,No,MSS,1
2,3,3228,2636,0.726641883519207,[G>T]R,0,0.544403139198678,0.869232283955262,TCGA-B5-A11S-01A-11D-A122-09,A,57,No,No,No,No,No,MSS,1
36,5,22795,19072,1.61268998871169,[G>T]R,14,6.02405790743584,5.48970259589528E-06,TCGA-B5-A11U-01A-11D-A122-09,A,401,No,No,No,No,No,MSI-H,1
7,5,3897,3196,1.06173552305192,[G>T]R,1,1.14816525532461,0.525444372895967,TCGA-B5-A11V-01A-11D-A10M-09,A,67,No,No,No,No,No,MSS,1
4,8,4928,4300,0.624188311688312,[G>T]R,0,0.436282467532468,0.95459708405242,TCGA-B5-A11W-01A-12D-A122-09,A,87,No,No,No,No,No,MSS,1
51,12,79219,66871,1.49286576873393,[G>T]R,17,3.58754528585314,8.57508968606864E-06,TCGA-B5-A11Y-01A-21D-A10M-09,A,1352,No,Yes,No,No,No,MSI-L,1
5,8,4138,3561,0.715600252816299,[G>T]R,0,0.537850410826486,0.916800932903834,TCGA-B5-A11Z-01A-11D-A10M-09,A,71,No,No,No,No,No,MSS,1
4,3,2140,1773,1.04485981308411,[G>T]R,1,1.10467289719626,0.601855064841716,TCGA-B5-A121-01A-31D-A122-09,A,39,No,No,No,No,No,MSS,1
2603,241,388797,319462,1.66730008667835,[G>T]R,1042,8.87469479881004,0,TCGA-B5-A1MR-01A-31D-A14G-09,A,8237,No,Yes,No,No,No,MSS,1
9,5,5298,4531,1.19264682090277,[G>T]R,2,1.53941109852775,0.30760389950289,TCGA-B5-A1MV-01A-31D-A14G-09,A,96,No,No,No,No,No,MSI-L,1
39,23,41734,35184,1.15934018368252,[G>T]R,6,1.4295257125355,0.107255200992713,TCGA-B5-A1MW-01A-11D-A17D-09,A,790,No,No,No,No,No,MSI-H,1
2482,374,515877,423020,1.58166811542471,[G>T]R,913,5.44182924506141,5.06696078953096E-295,TCGA-B5-A1MX-01A-11D-A142-09,A,9437,No,Yes,No,Yes,Yes,MSI-H,1
3,0,3842,3318,1.63067664281067,[G>T]R,2,6.04541314248536,0.154613412632637,TCGA-B5-A1MZ-01A-11D-A142-09,A,72,No,No,No,No,No,MSI-L,1
3,5,3752,3175,0.692330756929638,[G>T]R,0,0.50772921108742,0.903402912512254,TCGA-B5-A3F9-01A-21D-A228-09,A,66,No,No,No,No,No,MSS,1
1865,900,840214,692100,1.23010322294926,[G>T]R,349,1.70692823494967,9.23790531264693E-42,TCGA-B5-A3FA-01A-11D-A19Y-09,A,17225,Yes,Yes,No,No,No,MSI-L,1
7,4,4090,3494,1.17999555456768,[G>T]R,2,1.49498777506113,0.369646211849807,TCGA-B5-A3FB-01A-11D-A19Y-09,A,75,No,No,No,No,No,MSS,1
1431,806,1171278,984688,1.17748550950093,[G>T]R,216,1.49259936073645,1.62895821501993E-20,TCGA-B5-A3FC-01A-11D-A228-09,A,21806,Yes,Yes,No,No,Yes,MSI-H,1
6,3,3683,3024,1.21404652004706,[G>T]R,2,1.64213956014119,0.359629886071284,TCGA-B5-A3FD-01A-11D-A19Y-09,A,69,No,No,No,No,No,MSS,1
5,2,3217,2588,1.28891158577202,[G>T]R,2,2.01119055020205,0.324880965350117,TCGA-B5-A3FH-01A-11D-A19Y-09,A,54,No,No,No,No,No,MSI-L,1
184,56,79917,67286,1.41216053321988,[G>T]R,54,2.76640228522807,5.84543756303814E-13,TCGA-B5-A5OC-01A-21D-A27P-09,A,1409,No,Yes,No,No,No,MSI-H,1
0,4,2108,1831,0.186862698600901,[G>T]R,0,0.096514109556557,1,TCGA-BG-A0LW-01A-11W-A062-09,A,38,No,No,No,No,No,MSS,1
56,12,29898,24872,1.50861950238655,[G>T]R,19,3.88217718019042,1.4255578982229E-06,TCGA-BG-A0LX-01A-11W-A062-09,A,544,No,Yes,No,No,No,MSI-H,1
14,8,8971,7424,1.162989835936,[G>T]R,2,1.44822204882399,0.267737076606983,TCGA-BG-A0M0-01A-11W-A10C-09,A,169,No,No,No,No,No,MSI-H,1
1,0,1804,1591,1.41147132169576,[G>T]R,1,2.64588528678304,0.531507656065418,TCGA-BG-A0M2-01A-11D-A10O-09,A,34,No,No,No,No,No,MSS,1
3,2,4100,3382,1.09492682926829,[G>T]R,1,1.23731707317073,0.589502673135399,TCGA-BG-A0M3-01A-11W-A10C-09,A,75,No,No,No,No,No,MSS,1
47,10,33945,28030,1.50544094807648,[G>T]R,16,3.88101340403594,1.06263213448265E-05,TCGA-BG-A0M4-01A-11W-A10C-09,A,625,No,No,No,No,No,MSI-H,1
5,4,3872,3282,1.02645775941231,[G>T]R,1,1.05952995867769,0.600662052365879,TCGA-BG-A0M7-01A-11W-A062-09,A,70,No,No,No,No,No,MSS,1
12,4,4743,3862,1.36068943706515,[G>T]R,4,2.44275774826059,0.087071794176778,TCGA-BG-A0M8-01A-12D-A10B-09,A,83,No,No,No,No,No,MSS,1
6,8,3668,3000,0.779093316715999,[G>T]R,0,0.613413304252999,0.881133019910332,TCGA-BG-A0M9-01A-21W-A10C-09,A,69,No,No,No,No,No,MSS,1
6,4,3233,2743,1.10906278997835,[G>T]R,1,1.27265697494587,0.48125434159799,TCGA-BG-A0MA-01A-11D-A17D-09,A,62,No,No,No,No,No,MSS,1
3,4,3301,2954,0.81209157398191,[G>T]R,0,0.671160254468343,0.816355545501639,TCGA-BG-A0MC-01A-21W-A062-09,A,64,No,No,No,No,No,MSS,1
11,9,7493,6318,1.01375283598025,[G>T]R,1,1.03056185773389,0.564857213219558,TCGA-BG-A0MG-01A-21D-A10B-09,A,131,No,No,No,No,No,MSS,1
4,1,3807,3368,1.50774888363541,[G>T]R,2,3.53874441817704,0.228253121429181,TCGA-BG-A0MI-01A-11W-A062-09,A,71,No,No,No,No,No,MSS,1
7,4,4620,4203,1.21528925619835,[G>T]R,2,1.59204545454546,0.330350909011594,TCGA-BG-A0MK-01A-51D-A19Y-09,A,86,No,No,No,No,No,MSS,1
3,6,3072,2529,0.607747395833333,[G>T]R,0,0.41162109375,0.949168718648957,TCGA-BG-A0MO-01A-11W-A062-09,A,56,No,No,No,No,No,MSS,1
61,23,39036,33484,1.34909656043994,[G>T]R,16,2.27496135117194,0.000324503077061,TCGA-BG-A0MQ-01A-11D-A10B-09,A,686,No,No,No,No,Yes,MSI-H,1
5,1,2678,2229,1.52694797112273,[G>T]R,2,4.16168782673637,0.158643063106846,TCGA-BG-A0MS-01A-11D-A10B-09,A,52,No,No,No,No,No,MSS,1
2,0,2008,1696,1.53721682847896,[G>T]R,1,4.22330097087379,0.294091428495449,TCGA-BG-A0MT-01A-11D-A10B-09,A,38,No,No,No,No,No,MSS,1
6,5,4764,4083,1.01293794366842,[G>T]R,1,1.02846347607053,0.60324548864023,TCGA-BG-A0MU-01A-11D-A10B-09,A,85,No,No,No,No,No,MSS,1
3,5,3745,3029,0.678304405874499,[G>T]R,0,0.485287049399199,0.914121578358053,TCGA-BG-A0RY-01A-11D-A10B-09,A,69,No,No,No,No,No,MSS,1
2,1,2228,1860,1.22321962896469,[G>T]R,1,1.66965888689408,0.567481451990425,TCGA-BG-A0VT-01A-11D-A10M-09,A,38,No,No,No,No,No,MSS,1
4,6,3160,2509,0.717594936708861,[G>T]R,0,0.529324894514768,0.906254379274719,TCGA-BG-A0VV-01A-21D-A122-09,A,57,No,No,No,No,No,MSS,1
40,10,22640,18650,1.45901060070671,[G>T]R,13,3.29505300353357,0.00018589293143,TCGA-BG-A0VW-01A-11D-A122-09,A,407,No,No,No,No,No,MSI-H,1
63,8,14223,11235,1.58823686688789,[G>T]R,24,6.22060219363004,2.2311060026367E-09,TCGA-BG-A0VX-01A-11D-A122-09,A,272,Yes,Yes,No,No,No,MSS,1
41,10,20031,17231,1.4954682986469,[G>T]R,14,3.5268883230992,6.97190679964604E-05,TCGA-BG-A0VZ-01A-11D-A10G-09,A,364,No,No,No,No,No,MSI-H,1
2,2,4169,3595,0.931158551211322,[G>T]R,0,0.862317102422643,0.740831171281225,TCGA-BG-A0W1-01A-12D-A10G-09,A,75,No,No,No,No,No,MSS,1
5,2,2343,1918,1.29900615816109,[G>T]R,2,2.04652155356381,0.316554038947074,TCGA-BG-A0W2-01A-11D-A117-09,A,42,No,No,No,No,No,MSS,1
2,2,1681,1388,0.912849494348602,[G>T]R,0,0.825698988697204,0.75554040384443,TCGA-BG-A0YU-01A-21D-A10M-09,A,28,No,No,No,No,No,MSS,1
1,1,2088,1790,0.928639846743295,[G>T]R,0,0.85727969348659,0.786991412920512,TCGA-BG-A186-01A-11D-A12J-09,A,37,No,No,No,No,No,MSS,1
10,6,6091,5127,1.15108356591693,[G>T]R,2,1.40288950911181,0.344965334507309,TCGA-BG-A187-01A-11D-A12J-09,A,108,No,No,No,No,No,MSI-L,1
10,2,4198,3483,1.52473400031761,[G>T]R,4,4.14840400190567,0.040207605348566,TCGA-BG-A18A-01A-21D-A12J-09,A,76,No,Yes,No,No,No,MSS,1
44,13,23069,19551,1.42614110376726,[G>T]R,14,2.86846483959493,0.00027197153403,TCGA-BG-A18B-01A-11D-A12J-09,A,407,No,No,No,No,No,MSI-H,1
3,2,3049,2334,1.0592981305346,[G>T]R,1,1.1482453263365,0.623168149172098,TCGA-BG-A18C-01A-11D-A12J-09,A,55,No,No,No,No,No,MSS,1
84,19,52771,44340,1.50077353827575,[G>T]R,29,3.71471970749485,6.45907430920068E-09,TCGA-BG-A220-01A-11D-A159-09,A,941,No,No,No,No,No,MSI-H,1
84,16,87325,73713,1.5490629258517,[G>T]R,30,4.43164328657315,3.05171129208177E-10,TCGA-BG-A221-01A-21D-A159-09,A,1515,No,Yes,No,No,No,MSI-H,1
200,162,391693,333881,1.02342807571151,[G>T]R,5,1.05235162597263,0.33406458784494,TCGA-BG-A222-01A-11D-A159-09,A,7193,No,Yes,No,No,Yes,MSI-H,1
62,22,41965,35429,1.36123300028936,[G>T]R,17,2.37925327383209,0.000177449198747,TCGA-BG-A2L7-01A-11D-A18P-09,A,735,No,Yes,No,No,No,MSI-H,1
73,26,33071,28283,1.3679909371603,[G>T]R,20,2.40119626072576,4.00840434810081E-05,TCGA-BG-A3EW-01A-11D-A228-09,A,594,No,No,No,No,No,MSI-H,1
51,18,34099,27758,1.34081325858083,[G>T]R,13,2.30645082455986,0.001023106149043,TCGA-BK-A0C9-01A-11W-A027-09,A,652,No,No,No,No,No,MSI-H,1
9,6,2621,2201,1.10385349103396,[G>T]R,1,1.25963372758489,0.432465424609849,TCGA-BK-A0CB-01A-32D-A10B-09,A,48,No,No,No,No,No,MSS,1
20,14,9246,7758,1.08180325991526,[G>T]R,2,1.1986650597942,0.36594432316745,TCGA-BK-A139-01A-11D-A272-09,A,172,No,No,No,No,No,MSS,1
100,19,46094,39522,1.56085864727286,[G>T]R,36,4.51274626449841,3.4708322435199E-12,TCGA-BK-A13B-01A-51D-A228-09,A,826,No,No,No,No,No,MSI-H,1
8,5,3190,2658,1.12814082469255,[G>T]R,1,1.33316614420063,0.414132054715516,TCGA-BK-A13C-01A-11D-A122-09,A,56,No,No,No,No,No,MSS,1
5,5,5464,4591,0.920113469985358,[G>T]R,0,0.840226939970717,0.724246854846017,TCGA-BK-A4ZD-01A-11D-A27P-09,A,102,No,No,No,No,No,MSS,1
6,5,4211,3643,1.01733554975065,[G>T]R,1,1.03813820945144,0.597133080427788,TCGA-BK-A56F-01A-32D-A27P-09,A,77,No,No,No,No,No,MSS,1
2425,170,323730,264953,1.69931123173067,[G>T]R,998,11.6747802725946,0,TCGA-BK-A6W3-01A-12D-A34Q-09,A,6789,Yes,Yes,No,No,No,MSS,1
0,0,525,368,0.850618458610847,[G>T]R,0,0.701236917221694,1,TCGA-BK-A6W4-01A-12D-A34Q-09,A,10,No,No,No,No,No,MSS,1
6,7,3676,3053,0.84485644931782,[G>T]R,0,0.711876263018809,0.813874158070492,TCGA-BS-A0T9-01A-11D-A12J-09,A,69,No,No,No,No,No,MSS,1
51,12,26447,21799,1.47677565373334,[G>T]R,17,3.50307218210005,1.29581210623742E-05,TCGA-BS-A0TA-01A-11D-A10B-09,A,471,No,No,No,No,No,MSI-H,1
813,53,87952,70537,1.69171055564215,[G>T]R,333,12.3022894563415,2.74309038152611E-141,TCGA-BS-A0TC-01A-11D-A10B-09,A,1862,Yes,Yes,No,No,No,MSS,1
3,3,2443,2030,0.915472779369627,[G>T]R,0,0.830945558739255,0.738391232561435,TCGA-BS-A0TD-01A-11D-A10B-09,A,45,No,No,No,No,No,MSS,1
44,14,19939,16569,1.3890227262115,[G>T]R,13,2.61166558001906,0.000692482742368,TCGA-BS-A0TE-01A-11D-A10B-09,A,365,No,No,No,No,No,MSI-H,1
5,0,2914,2482,1.69746097100703,[G>T]R,3,9.36953165208441,0.046037881163286,TCGA-BS-A0TG-01A-32D-A10B-09,A,54,No,No,No,No,No,MSS,1
10,9,5568,4507,0.952340441621294,[G>T]R,0,0.899385376756066,0.6795329367537,TCGA-BS-A0TI-01A-11D-A10B-09,A,104,No,No,No,No,No,MSS,1
83,15,43144,36878,1.57087276779802,[G>T]R,31,4.72970208294703,1.13988224586173E-10,TCGA-BS-A0TJ-01A-11D-A10B-09,A,751,No,No,No,No,Yes,MSI-H,1
4,4,3992,3144,0.893787575150301,[G>T]R,0,0.787575150300601,0.757308460836643,TCGA-BS-A0U5-01A-11D-A10G-09,A,70,No,No,No,No,No,MSS,1
22,8,11605,9548,1.33668246445498,[G>T]R,6,2.26255924170616,0.030272725205567,TCGA-BS-A0U7-01A-21D-A10B-09,A,206,No,No,No,No,No,MSI-L,1
36,5,25484,21851,1.63092289375256,[G>T]R,14,6.17356772877099,3.89406153770421E-06,TCGA-BS-A0U8-01A-11D-A10B-09,A,442,No,No,No,No,No,MSI-H,1
27,12,21467,18042,1.27415962246167,[G>T]R,6,1.89101877300042,0.042493784706086,TCGA-BS-A0UA-01A-11D-A122-09,A,374,No,No,No,No,No,MSI-H,1
4697,399,571059,460820,1.6654781311544,[G>T]R,1877,9.49943999088428,0,TCGA-BS-A0UF-01A-11D-A10B-09,A,11754,Yes,Yes,No,No,No,MSS,1
213,66,117293,95380,1.38425360477195,[G>T]R,60,2.62434478380869,1.67523378006019E-13,TCGA-BS-A0UJ-01A-12D-A10B-09,A,2324,No,No,No,No,No,MSI-H,1
33,9,25192,21107,1.44402134464456,[G>T]R,11,3.07209960834127,0.001030788793284,TCGA-BS-A0UL-01A-11D-A10G-09,A,449,No,No,No,No,No,MSI-H,1
49,16,23833,19347,1.36579855339558,[G>T]R,14,2.48605662316955,0.000623369169099,TCGA-BS-A0UM-01A-11W-A10C-09,A,453,No,Yes,No,No,No,MSI-H,1
2,4,2252,1856,0.608052101835406,[G>T]R,0,0.412078152753108,0.929505623549636,TCGA-BS-A0UT-01A-11D-A10B-09,A,42,No,No,No,No,No,MSS,1
4373,332,652646,529201,1.68307483321479,[G>T]R,1775,10.680322561071,0,TCGA-BS-A0UV-01A-11D-A10B-09,A,13079,Yes,Yes,No,No,No,MSI-L,1
45,15,24508,20492,1.3771013546597,[G>T]R,13,2.50840541863881,0.000852632684383,TCGA-BS-A0V4-01A-11D-A14G-09,A,432,No,No,No,No,No,MSI-H,1
1,9,3336,2685,0.180485611510791,[G>T]R,0,0.089428457234213,0.999686626765123,TCGA-BS-A0V6-01A-11D-A122-09,A,61,No,No,No,No,No,MSS,1
7,2,3002,2335,1.38274483677548,[G>T]R,2,2.72235176548967,0.168200357903104,TCGA-BS-A0V7-01A-21D-A122-09,A,55,No,No,No,No,No,MSS,1
7,4,5113,4069,1.1427911028928,[G>T]R,1,1.39267553295521,0.415411182534713,TCGA-BS-A0V8-01A-11D-A122-09,A,97,No,No,No,No,No,MSS,1
39,14,20250,17363,1.36678965758211,[G>T]R,11,2.38856084656085,0.002559868864092,TCGA-BS-A0VI-01A-11D-A14G-09,A,367,No,No,No,No,No,MSI-H,1
3,5,3437,2735,0.673407041024149,[G>T]R,0,0.477451265638638,0.917749356252132,TCGA-BS-A0WQ-01A-21D-A10G-09,A,59,No,No,No,No,No,MSS,1
1,6,2621,2288,0.267564179429879,[G>T]R,0,0.145491542668193,0.995205455333445,TCGA-D1-A0ZN-01A-11D-A122-09,A,50,No,No,No,No,No,MSS,1
47,18,35627,30118,1.33434452262869,[G>T]R,12,2.2073552206036,0.002131051086584,TCGA-D1-A0ZO-01A-11D-A122-09,A,624,No,No,No,No,No,MSI-H,1
7,12,5675,5034,0.69522837931834,[G>T]R,0,0.517444933920705,0.949854286868164,TCGA-D1-A0ZQ-01A-11D-A122-09,A,104,No,No,No,No,No,MSS,1
6,2,3381,2883,1.38952972493345,[G>T]R,2,2.55811889973381,0.203279911628267,TCGA-D1-A0ZR-01A-21D-A10M-09,A,61,No,No,No,No,No,MSS,1
40,12,24766,20817,1.41580578833264,[G>T]R,12,2.80182508277477,0.000645547082975,TCGA-D1-A0ZS-01A-11D-A122-09,A,439,No,No,No,No,No,MSI-H,1
3,1,2318,1957,1.38319672131148,[G>T]R,1,2.5327868852459,0.378590666275111,TCGA-D1-A0ZU-01A-11D-A10M-09,A,41,No,No,No,No,No,MSS,1
5,1,2714,2329,1.54845246868091,[G>T]R,2,4.29071481208548,0.149646578204269,TCGA-D1-A0ZV-01A-11D-A10M-09,A,49,No,No,No,No,No,MSS,1
40,7,21286,17822,1.56362887603679,[G>T]R,15,4.78436531053274,8.7558344407562E-06,TCGA-D1-A101-01A-12D-A10M-09,A,375,No,No,No,No,No,MSI-H,1
2,6,3382,2801,0.457052040212892,[G>T]R,0,0.276069386950522,0.981050919746613,TCGA-D1-A102-01A-11D-A10M-09,A,60,No,No,No,No,No,MSS,1
2028,656,548064,451582,1.37816239568919,[G>T]R,557,2.54723760675271,1.73776832751332E-109,TCGA-D1-A103-01A-11D-A10M-09,A,10230,Yes,Yes,No,No,No,MSI-L,1
7,7,4320,3750,0.934027777777778,[G>T]R,0,0.868055555555556,0.703670792686175,TCGA-D1-A15W-01A-11D-A122-09,A,82,No,No,No,No,No,MSS,1
8,7,4864,4155,0.988925438596491,[G>T]R,0,0.976268796992481,0.621803394671928,TCGA-D1-A15Z-01A-11D-A122-09,A,86,No,No,No,No,No,MSI-L,1
56,17,32248,26784,1.40426761094667,[G>T]R,17,2.73597268230041,7.87750552905783E-05,TCGA-D1-A160-01A-11D-A122-09,A,582,No,No,No,No,Yes,MSI-H,1
8,5,6155,5258,1.14108604636631,[G>T]R,1,1.3668237205524,0.39632270593925,TCGA-D1-A161-01A-11D-A122-09,A,106,No,No,No,No,No,MSS,1
59,17,36449,30606,1.42818335930088,[G>T]R,18,2.91423148863924,2.22520220544111E-05,TCGA-D1-A163-01A-11D-A12J-09,A,631,No,No,No,No,No,MSI-H,1
5,4,3844,3125,1.00719736385709,[G>T]R,1,1.01619406867846,0.625246252738702,TCGA-D1-A165-01A-11D-A12J-09,A,71,No,No,No,No,No,MSS,1
130,19,132169,110740,1.60350783349831,[G>T]R,49,5.73277195743408,8.56521410176723E-18,TCGA-D1-A167-01A-11D-A12J-09,A,2265,No,Yes,No,No,No,MSI-H,1
5,3,3611,3045,1.15203544724453,[G>T]R,1,1.40542785931875,0.459726429671725,TCGA-D1-A168-01A-31D-A12J-09,A,66,No,No,No,No,No,MSS,1
2,3,3173,2714,0.742136779073432,[G>T]R,0,0.570227965122387,0.857421075724157,TCGA-D1-A169-01A-11D-A12J-09,A,58,No,No,No,No,No,MSS,1
5,6,3013,2448,0.823854207524967,[G>T]R,0,0.677066047129107,0.829122513223272,TCGA-D1-A16B-01A-11D-A12J-09,A,56,No,No,No,No,No,MSS,1
5,0,2693,2287,1.69516119052039,[G>T]R,3,9.34193428624466,0.046360145697191,TCGA-D1-A16D-01A-11D-A12J-09,A,49,No,No,No,No,No,MSS,1
3,1,4247,3461,1.36119613845067,[G>T]R,1,2.44478455380268,0.392725054748687,TCGA-D1-A16E-01A-22D-A12J-09,A,73,No,No,No,No,No,MSS,1
44,9,28031,23658,1.53086306737218,[G>T]R,16,4.12619361896947,1.03525981687666E-05,TCGA-D1-A16F-01A-11D-A12J-09,A,503,No,No,No,No,No,MSI-H,1
23,4,14689,11788,1.53546745738182,[G>T]R,9,4.61440533732725,0.001121469921819,TCGA-D1-A16J-01A-11D-A12J-09,A,268,No,No,No,No,Yes,MSS,1
12,8,7869,6425,1.08989706443004,[G>T]R,1,1.22474266107511,0.416294043336495,TCGA-D1-A16N-01A-11D-A12J-09,A,145,No,Yes,No,No,No,MSI-H,1
3,2,1953,1662,1.11059907834101,[G>T]R,1,1.27649769585253,0.575335446796142,TCGA-D1-A16O-01A-11D-A12J-09,A,37,No,No,No,No,No,MSS,1
3,1,2076,1736,1.3771676300578,[G>T]R,1,2.50867052023121,0.382459289074099,TCGA-D1-A16Q-01A-12D-A12J-09,A,38,No,No,No,No,No,MSS,1
8,2,2567,2127,1.46287495130503,[G>T]R,3,3.31437475652513,0.096472495297131,TCGA-D1-A16R-01A-11D-A12J-09,A,49,No,No,No,No,No,MSS,1
3,3,2752,2393,0.934774709302326,[G>T]R,0,0.869549418604651,0.719225242029665,TCGA-D1-A16V-01A-11D-A12J-09,A,54,No,No,No,No,No,MSS,1
1020,46,147277,119020,1.73011237226387,[G>T]R,431,17.9195606268106,1.89968026816372E-197,TCGA-D1-A16X-01A-11D-A12J-09,A,3041,Yes,Yes,No,No,No,MSS,1
304,31,72786,58624,1.63836000936706,[G>T]R,119,7.89840655283762,1.05697334107994E-45,TCGA-D1-A16Y-01A-31D-A12J-09,A,1486,Yes,Yes,No,No,No,MSI-L,1
78,17,48919,40837,1.50645761360617,[G>T]R,27,3.83020431132857,1.47259084401626E-08,TCGA-D1-A174-01A-11D-A12J-09,A,851,No,No,No,No,No,MSI-H,1
58,13,24806,21223,1.51580887404569,[G>T]R,20,3.8171100044034,9.0023366115E-07,TCGA-D1-A176-01A-11D-A12J-09,A,431,No,No,No,No,No,MSI-H,1
84,17,48922,41830,1.54280100754444,[G>T]R,30,4.22487657423461,5.81728739750364E-10,TCGA-D1-A177-01A-21D-A12J-09,A,846,No,No,No,No,No,MSI-H,1
27,7,15257,13268,1.48470904387186,[G>T]R,9,3.35430107023474,0.001607188476324,TCGA-D1-A17A-01A-11D-A12J-09,A,268,No,No,No,No,No,MSI-H,1
27,9,17351,14682,1.38463200968244,[G>T]R,8,2.53852803872976,0.008441565589839,TCGA-D1-A17B-01A-22D-A12J-09,A,298,No,No,No,No,No,MSI-H,1
8,0,3283,2854,1.76549413735343,[G>T]R,4,14.7788944723618,0.006741085576654,TCGA-D1-A17C-01A-11D-A12J-09,A,58,No,No,No,No,No,MSS,1
80,13,31524,27144,1.60091031513112,[G>T]R,31,5.29881994670727,3.83155619252497E-11,TCGA-D1-A17D-01A-12D-A12J-09,A,563,No,No,No,No,Yes,MSI-H,1
5,2,15591,12660,1.29429066219522,[G>T]R,2,2.03001731768328,0.320151220751298,TCGA-D1-A17F-01A-11D-A12J-09,A,270,No,Yes,No,No,No,MSI-H,1
78,15,39180,33051,1.54621844588253,[G>T]R,28,4.38655436447167,1.56934176944048E-09,TCGA-D1-A17H-01A-11D-A12J-09,A,695,No,No,No,No,No,MSI-H,1
7,2,3594,2905,1.40644901997156,[G>T]R,3,2.82902058987201,0.15406722220297,TCGA-D1-A17K-01A-11D-A12J-09,A,64,No,No,No,No,No,MSS,1
4,8,4579,3924,0.61898522239208,[G>T]R,0,0.42847783358812,0.957524407344964,TCGA-D1-A17L-01A-11D-A12J-09,A,78,No,No,No,No,No,MSS,1
47,15,26146,21692,1.38699190402282,[G>T]R,14,2.59956653662765,0.000481395448901,TCGA-D1-A17M-01A-21D-A12J-09,A,466,No,No,No,No,Yes,MSI-H,1
5,1,1762,1383,1.4874195989406,[G>T]R,2,3.92451759364359,0.176993768057216,TCGA-D1-A17N-01A-11D-A12J-09,A,32,No,No,No,No,No,MSS,1
2871,207,411528,332663,1.68674565825767,[G>T]R,1169,11.2116093532227,0,TCGA-D1-A17Q-01A-11D-A12J-09,A,8230,Yes,Yes,No,No,No,MSI-L,1
12,9,13104,10910,1.0471829757544,[G>T]R,1,1.11009361009361,0.495711263642282,TCGA-D1-A17R-01A-11D-A12J-09,A,232,No,No,No,No,Yes,MSI-H,1
6,1,2956,2398,1.55248405180746,[G>T]R,3,4.86738836265223,0.104673317457364,TCGA-D1-A17S-01A-11D-A12J-09,A,53,No,No,No,No,No,MSS,1
3,4,4729,3901,0.782104340996284,[G>T]R,0,0.618682596743498,0.844387872527877,TCGA-D1-A17T-01A-11D-A12J-09,A,84,No,No,No,No,No,MSS,1
41,13,23818,19885,1.39314415179307,[G>T]R,12,2.63306032283276,0.0009608533885,TCGA-D1-A17U-01A-21D-A12J-09,A,417,No,No,No,No,No,MSI-H,1
37,8,18956,16102,1.5206513329113,[G>T]R,13,3.92866374762608,7.44087560516724E-05,TCGA-D1-A1NS-01A-11D-A14G-09,A,335,No,No,No,No,Yes,MSI-H,1
65,29,40986,34968,1.28144690818141,[G>T]R,15,1.91227618513975,0.00193611461328,TCGA-D1-A1NY-01A-11D-A16D-09,A,717,No,No,No,No,No,MSI-H,1
116,23,52596,45537,1.55706071692954,[G>T]R,42,4.36658433274807,1.19143662500406E-13,TCGA-D1-A1NZ-01A-21D-A14G-09,A,934,No,No,No,No,Yes,MSI-H,1
4,6,4636,3956,0.741328731665229,[G>T]R,0,0.568881219442048,0.885332830834004,TCGA-D1-A1O0-01A-11D-A17D-09,A,85,No,No,No,No,No,MSS,1
5,5,4491,3975,0.942551770207081,[G>T]R,0,0.885103540414162,0.695426906502788,TCGA-D1-A1O5-01A-11D-A14G-09,A,82,No,No,No,No,No,MSS,1
27,17,19874,17504,1.15409580356244,[G>T]R,4,1.39883619745574,0.174453454015182,TCGA-D1-A1O7-01A-11D-A14G-09,A,351,No,No,No,No,No,MSI-H,1
6,12,5391,4570,0.61590304829036,[G>T]R,0,0.423854572435541,0.977969002760433,TCGA-D1-A1O8-01A-11D-A14G-09,A,95,No,No,No,No,No,MSS,1
18,16,11845,10337,0.991423534377871,[G>T]R,0,0.981775010552976,0.590452907893227,TCGA-D1-A2G5-01A-11D-A17D-09,A,222,No,No,No,No,No,MSI-H,1
4,3,6420,5386,1.0508233199822,[G>T]R,1,1.11858774662513,0.595120821676367,TCGA-D1-A2G6-01A-11D-A17D-09,A,111,No,No,No,No,No,MSI-H,1
9,6,5733,4784,1.10068027210884,[G>T]R,1,1.25170068027211,0.437105603440086,TCGA-D1-A3DA-01A-12D-A20S-09,A,103,No,No,No,No,No,MSI-L,1
14,18,9009,7069,0.780788655788656,[G>T]R,0,0.610290943624277,0.942043357048426,TCGA-D1-A3DG-01A-11D-A19Y-09,A,167,No,No,No,No,No,MSS,1
17,1,7457,6106,1.71778194984578,[G>T]R,8,13.9200750972241,0.00033436640481,TCGA-D1-A3DH-01A-11D-A19Y-09,A,154,No,No,No,No,No,MSS,1
1781,246,355080,291357,1.5995954704427,[G>T]R,668,5.94056918124943,8.91054532097395E-225,TCGA-DF-A2KN-01A-11D-A17W-09,A,6457,No,Yes,No,Yes,Yes,MSI-H,1
14,13,7032,5642,0.934542619980618,[G>T]R,0,0.864050056882821,0.717929822843021,TCGA-DF-A2KR-01A-11D-A17W-09,A,132,No,No,No,No,No,MSS,1
7,15,8859,7215,0.577317366006834,[G>T]R,0,0.380065470143357,0.992219872762096,TCGA-DF-A2KS-01A-11D-A18P-09,A,158,No,No,No,No,No,MSS,1
3096,914,931284,783109,1.42129694512029,[G>T]R,918,2.84835968263933,1.06425770233E-198,TCGA-DF-A2KU-01A-11D-A17W-09,A,17777,Yes,Yes,No,No,Yes,MSI-L,1
762,41,110600,90582,1.72612968096582,[G>T]R,321,15.2215154589159,2.46801408495811E-143,TCGA-DF-A2KV-01A-11D-A17W-09,A,2311,Yes,Yes,No,No,No,MSS,1
83,26,46092,39185,1.40882793646851,[G>T]R,25,2.7139325028872,1.56862971254069E-06,TCGA-DF-A2KZ-01A-11D-A20S-09,A,810,No,No,No,No,No,MSI-H,1
3,6,3532,2816,0.599093997734994,[G>T]R,0,0.398640996602492,0.954078575819069,TCGA-DF-A2L0-01A-11D-A17W-09,A,63,No,No,No,No,No,MSS,1
56,15,33116,28103,1.45806886250466,[G>T]R,18,3.16819261585538,1.27394850118656E-05,TCGA-DI-A0WH-01A-12D-A12J-09,A,589,No,No,No,No,No,MSI-H,1
3,2,2366,1861,1.07193575655114,[G>T]R,1,1.17983939137785,0.611080185769778,TCGA-DI-A1C3-01A-41D-A135-09,A,41,No,No,No,No,No,MSS,1
56,39,19537,15847,1.06761206132494,[G>T]R,4,1.16469604681715,0.266011969189643,TCGA-DI-A1NO-01A-31D-A159-09,A,353,No,No,No,No,No,MSS,1
6024,533,1000979,822892,1.67397485925942,[G>T]R,2426,9.29128171137717,0,TCGA-E6-A1LX-01A-11D-A14G-09,A,20824,Yes,Yes,No,No,Yes,MSI-L,1
1234,81,146622,121256,1.71445983575468,[G>T]R,515,12.5989467162643,6.42118096778792E-220,TCGA-E6-A1M0-01A-11D-A142-09,A,3122,Yes,Yes,No,No,No,MSS,1
135,39,70083,59056,1.4296484414785,[G>T]R,41,2.9168930465964,1.47909498707784E-10,TCGA-E6-A2P9-01A-11D-A19Y-09,A,1250,No,Yes,No,No,Yes,MSI-H,1
13,9,20652,17400,1.08876974274999,[G>T]R,2,1.21699270449997,0.408019866064609,TCGA-EC-A1NJ-01A-31D-A14G-09,A,388,No,No,No,No,Yes,MSI-H,1
106,16,44602,37713,1.60350634868245,[G>T]R,40,5.60173590870365,1.20762065792203E-14,TCGA-EC-A1QX-01A-31D-A16D-09,A,786,No,No,No,No,No,MSI-H,1
122,15,100139,85369,1.64967600145287,[G>T]R,49,6.93370747993622,8.78318798990338E-19,TCGA-EC-A24G-01A-11D-A16D-09,A,1750,No,No,No,No,Yes,MSI-H,1
7,2,3978,3419,1.44625998547567,[G>T]R,3,3.00816993464052,0.133156176737969,TCGA-EO-A1Y7-01A-11D-A159-09,A,73,No,No,No,No,No,MSS,1
4796,1098,1166240,972402,1.4921730829043,[G>T]R,1582,3.64195642134603,0,TCGA-EO-A22R-01A-11D-A18P-09,A,22920,Yes,Yes,No,No,No,MSI-L,1
70,16,47869,41379,1.51755250642864,[G>T]R,24,3.78184472205394,6.90643521083785E-08,TCGA-EO-A22S-01A-11D-A18P-09,A,849,No,No,No,No,Yes,MSI-H,1
172,24,69606,58167,1.61088593699699,[G>T]R,66,5.98890181880872,1.30833525538035E-23,TCGA-EO-A22T-01A-21D-A18P-09,A,1241,No,No,No,No,No,MSI-H,1
2675,756,1295662,1079780,1.42940658191069,[G>T]R,804,2.94880156420049,2.21745466195336E-179,TCGA-EO-A22U-01A-11D-A17W-09,A,24910,Yes,Yes,No,No,Yes,MSI-H,1
6024,433,796732,649760,1.69378371231894,[G>T]R,2468,11.3458693543727,0,TCGA-EO-A22X-01A-11D-A17W-09,A,16793,Yes,Yes,No,No,No,MSS,1
2,6,4036,3388,0.45986124876115,[G>T]R,0,0.2798149983482,0.980155330986922,TCGA-EO-A22Y-01A-11D-A17W-09,A,70,No,No,No,No,No,MSS,1
21,23,12982,10821,0.875098037842607,[G>T]R,0,0.761057115872814,0.854930629566114,TCGA-EO-A3AS-01A-11D-A19Y-09,A,235,No,No,No,No,No,MSS,1
94,16,52339,44378,1.57911065796581,[G>T]R,35,4.98138577351497,2.93879702017858E-12,TCGA-EO-A3AU-01A-21D-A19Y-09,A,912,No,No,No,No,No,MSI-H,1
2627,237,334506,274831,1.67086244258898,[G>T]R,1055,9.1069621754213,0,TCGA-EO-A3AV-01A-12D-A19Y-09,A,7108,Yes,Yes,No,No,No,MSS,1
2624,220,289535,237266,1.67872577682091,[G>T]R,1061,9.77407322399396,0,TCGA-EO-A3AY-01A-12D-A19Y-09,A,6287,Yes,Yes,No,No,No,MSS,1
6710,587,880498,722110,1.67369803572231,[G>T]R,2701,9.37474372515448,0,TCGA-EO-A3B0-01A-12D-A19Y-09,A,18526,Yes,Yes,No,No,No,MSS,1
1093,179,246612,204320,1.57119432231131,[G>T]R,398,5.05898982111723,2.14836337462468E-125,TCGA-EO-A3KX-01A-11D-A228-09,A,4488,No,No,No,Yes,Yes,MSI-H,1
10,7,6410,5216,1.0668991465541,[G>T]R,1,1.16246935591709,0.478984993171369,TCGA-EO-A3L0-01A-11D-A228-09,A,112,No,No,No,No,No,MSS,1
12,5,7067,6158,1.32096987655965,[G>T]R,3,2.09129758030282,0.119483686278215,TCGA-EY-A1G7-01A-11D-A13L-09,A,130,No,No,No,No,No,MSS,1
1559,121,210283,172769,1.6904035785788,[G>T]R,637,10.5857686943172,3.24488474648058E-260,TCGA-EY-A1G8-01A-11D-A13L-09,A,4407,Yes,Yes,No,No,No,MSS,1
4,0,2938,2426,1.64318529862175,[G>T]R,2,7.43185298621746,0.090140531043219,TCGA-EY-A1GC-01A-11D-A13L-09,A,52,No,No,No,No,No,MSS,1
426,34,89307,73644,1.6897532741238,[G>T]R,174,10.3319560616749,5.50782215420721E-72,TCGA-EY-A1GD-01A-11D-A13L-09,A,1836,Yes,Yes,No,No,No,MSS,1
1,2,2897,2413,0.610976872626855,[G>T]R,0,0.416465308940283,0.906149295053897,TCGA-EY-A1GE-01A-11D-A13L-09,A,54,No,No,No,No,No,MSS,1
63,19,28156,23874,1.41974244540002,[G>T]R,19,2.81152002751587,1.78316850872922E-05,TCGA-EY-A1GF-01A-11D-A13L-09,A,500,No,No,No,No,No,MSI-H,1
5,4,4816,4283,1.04962624584718,[G>T]R,1,1.11165905315615,0.571843754756781,TCGA-EY-A1GH-01A-11D-A13L-09,A,89,No,No,No,No,No,MSS,1
2923,203,377159,307607,1.69768673279507,[G>T]R,1202,11.7436883089526,0,TCGA-EY-A1GI-01A-11D-A13L-09,A,7886,Yes,Yes,No,No,No,MSS,1
6,3,3473,2858,1.21527977732988,[G>T]R,2,1.64583933198963,0.358361473351346,TCGA-EY-A1GJ-01A-12D-A142-09,A,63,No,No,No,No,No,MSS,1
127,14,60943,51692,1.66469295864535,[G>T]R,51,7.69440765492814,2.11683543009043E-20,TCGA-EY-A1GK-01A-11D-A13L-09,A,1087,No,Yes,No,No,No,MSI-H,1
5,6,3953,3427,0.848607501782305,[G>T]R,0,0.722447086600894,0.799843100229049,TCGA-EY-A1GL-01A-11D-A13L-09,A,71,No,No,No,No,No,MSS,1
31,10,20520,17097,1.38606832120953,[G>T]R,9,2.58288011695906,0.004527219201543,TCGA-EY-A1GO-01A-11D-A14G-09,A,364,No,No,No,No,No,MSI-H,1
4,4,2893,2371,0.909782232976149,[G>T]R,0,0.819564465952299,0.738830173475588,TCGA-EY-A1GP-01A-11D-A13L-09,A,50,No,No,No,No,No,MSS,1
47,12,34140,28909,1.47116211412628,[G>T]R,16,3.31654706112087,4.09447786762491E-05,TCGA-EY-A1GQ-01A-21D-A13L-09,A,605,No,No,No,No,No,MSI-H,1
6,2,4223,3350,1.34495619228037,[G>T]R,2,2.37982476912148,0.233672777070211,TCGA-EY-A1GR-01A-11D-A13L-09,A,77,No,No,No,No,No,MSS,1
1,6,6097,4981,0.259565594320392,[G>T]R,0,0.136159860040457,0.996278491459563,TCGA-EY-A1GT-01A-11D-A13L-09,A,106,No,No,No,No,No,MSS,1
294,56,107908,91022,1.54855247062312,[G>T]R,105,4.42845294139452,4.34485165519571E-32,TCGA-EY-A1GU-01A-11D-A13L-09,A,1916,No,No,No,No,No,MSI-H,1
8,5,3450,3100,1.16833890746934,[G>T]R,2,1.43768115942029,0.361335454939791,TCGA-EY-A1GW-01A-22D-A13L-09,A,67,No,No,No,No,No,MSS,1
8,12,6757,5600,0.731508065709634,[G>T]R,0,0.552513442849391,0.938410693844407,TCGA-EY-A1GX-01A-12D-A13L-09,A,122,No,No,No,No,No,MSS,1
35,18,23298,19958,1.22608305514928,[G>T]R,7,1.66568899571732,0.049465161178864,TCGA-EY-A1H0-01A-11D-A13L-09,A,414,No,No,No,No,No,MSI-H,1
6,7,4069,3224,0.827230277709511,[G>T]R,0,0.679141944317663,0.83609682662013,TCGA-EY-A214-01A-12D-A159-09,A,73,No,No,No,No,No,MSS,1
1370,501,436746,367571,1.34848180698908,[G>T]R,355,2.301416089574,1.3218010120335E-63,TCGA-EY-A215-01A-11D-A14K-09,A,7951,Yes,Yes,No,No,Yes,MSI-H,1
87,36,46509,39402,1.30654963712767,[G>T]R,21,2.04737792685287,0.000124373712778,TCGA-EY-A2OM-01A-11D-A18P-09,A,823,No,No,No,No,No,MSI-H,1
62,14,33737,28519,1.50540325084282,[G>T]R,21,3.74361764743245,5.34885298388662E-07,TCGA-EY-A2OP-01A-11D-A19Y-09,A,600,No,No,No,No,No,MSI-H,1
5,4,3656,3120,1.02966204716752,[G>T]R,1,1.06673960612692,0.59663291733825,TCGA-EY-A2OQ-01A-11D-A19Y-09,A,67,No,No,No,No,No,MSS,1
20,10,12619,10739,1.23401220381964,[G>T]R,4,1.70203661145891,0.113331916912687,TCGA-EY-A547-01A-11D-A27P-09,A,233,No,No,No,No,No,MSS,1
54,19,37472,32728,1.38580185533966,[G>T]R,16,2.48229133893658,0.000247450098693,TCGA-EY-A548-01A-11D-A27P-09,A,664,No,No,No,No,No,MSI-H,1
35,7,114048,96682,1.53977565001871,[G>T]R,13,4.23865390011223,6.88957627870847E-05,TCGA-EY-A549-01A-11D-A27P-09,A,1931,No,No,No,No,No,MSI-H,1
12,12,6697,5495,0.910258324622965,[G>T]R,0,0.820516649245931,0.755668744446868,TCGA-EY-A54A-01A-11D-A27P-09,A,120,No,No,No,No,No,MSS,1
117,14,55605,47717,1.65956216524545,[G>T]R,47,7.17161740336814,1.95671354044816E-18,TCGA-EY-A5W2-01A-11D-A31U-09,A,992,No,No,No,No,No,MSI-H,1
4,6,3401,2712,0.718965010291091,[G>T]R,0,0.531608350485151,0.905095951895628,TCGA-EY-A72D-01A-12D-A34Q-09,A,62,No,No,No,No,No,MSS,1
2,1,534,413,1.18227215980025,[G>T]R,1,1.54681647940075,0.595886269006423,TCGA-FI-A2CX-01A-11D-A17D-09,A,10,No,No,No,No,No,MSS,1
325,176,633503,534661,1.19619168017211,[G>T]R,54,1.5584774532172,8.78381057135369E-07,TCGA-FI-A2D0-01A-11D-A17D-09,A,11363,Yes,Yes,No,Yes,Yes,MSI-H,1
48,4,25868,22327,1.71979636259828,[G>T]R,21,10.3573527137776,1.49225450729034E-09,TCGA-FI-A2D4-01A-12D-A17D-09,A,458,No,No,No,No,No,MSI-H,1
2770,959,1206337,1012170,1.36609071845532,[G>T]R,743,2.42351646415002,1.26782825928371E-138,TCGA-FI-A2D5-01A-11D-A17D-09,A,23064,Yes,Yes,No,No,No,MSS,1
93,12,47577,40795,1.64517188677602,[G>T]R,37,6.6452540092902,2.16150240108994E-14,TCGA-FI-A2D6-01A-11D-A17D-09,A,840,No,No,No,No,No,MSI-H,1
446,84,161738,134686,1.542269549845,[G>T]R,157,4.42146263592677,2.30051678086288E-47,TCGA-FI-A2F4-01A-11D-A17D-09,A,3042,No,Yes,No,Yes,Yes,MSI-H,1
6,7,3421,2768,0.834978526296854,[G>T]R,0,0.693531548837015,0.826408202263843,TCGA-FI-A2F9-01A-11D-A17D-09,A,61,No,No,No,No,No,MSS,1
4,2,3357,2680,1.19888789593883,[G>T]R,1,1.5966636878165,0.454012296540193,TCGA-H5-A2HR-01A-11D-A17W-09,A,62,No,No,No,No,No,MSI-L,1
5,3,3171,2655,1.14829706717124,[G>T]R,1,1.39545884578997,0.463856048487446,TCGA-PG-A916-01A-11D-A37N-09,A,57,No,No,No,No,No,MSS,1
124,61,58540,50223,1.24531269910156,[G>T]R,25,1.74398113661949,0.000180617697123,TCGA-PG-A917-01A-31D-A37N-09,A,1060,No,No,No,No,No,MSI-H,1
0,0,204,165,0.904645476772616,[G>T]R,0,0.809290953545232,1,TCGA-QF-A5YT-01A-11D-A31U-09,A,4,No,No,No,No,No,MSS,1
631,35,79691,65220,1.7228489673496,[G>T]R,265,14.754783207281,7.33293773253491E-118,TCGA-QS-A5YQ-01A-11D-A31U-09,A,1677,Yes,Yes,No,No,No,MSS,1
39,2,17427,14654,1.75108011538026,[G>T]R,17,16.3971423652952,8.52896990293005E-09,TCGA-QS-A5YR-01A-31D-A31U-09,A,309,No,No,No,No,No,MSI-H,1
5,4,5041,4294,1.02878617558245,[G>T]R,1,1.0647688950605,0.597705054548034,TCGA-QS-A744-01A-11D-A34Q-09,A,89,No,No,No,No,No,MSS,1
210,25,127630,107286,1.6447930437218,[G>T]R,83,7.06105461098488,2.82732596088406E-31,TCGA-SJ-A6ZI-01A-12D-A34Q-09,A,2253,No,Yes,No,No,Yes,MSI-H,1
7,5,5710,4573,1.05051079976649,[G>T]R,1,1.12122591943958,0.541993720779705,TCGA-SJ-A6ZJ-01A-12D-A34Q-09,A,106,No,No,No,No,No,MSS,1
5,2,3615,2992,1.30547322663505,[G>T]R,2,2.06915629322268,0.311148422213712,TCGA-SL-A6J9-01A-11D-A31U-09,A,67,No,No,No,No,No,MSS,1
86,31,54968,47533,1.37066321104307,[G>T]R,24,2.39895469974319,8.08756946411034E-06,TCGA-SL-A6JA-01A-11D-A31U-09,A,994,No,No,No,No,No,MSI-H,1
